"id","name","dish","options","group","restaurant","lang"
14513,"","","",_binary 'a:0:{}',1153,""
14514,"","","",_binary 'a:0:{}',1153,""
14515,"","","",_binary 'a:0:{}',1153,""
14516,"","","",_binary 'a:0:{}',1153,""
14517,"","","",_binary 'a:0:{}',1153,""
14518,"","","",_binary 'a:0:{}',1153,""
14519,"","","",_binary 'a:0:{}',1153,""
14520,"","","",_binary 'a:0:{}',1153,""
14521,"","","",_binary 'a:0:{}',1153,""
14522,"","","",_binary 'a:0:{}',1153,""
14523,"","","",_binary 'a:0:{}',1153,""
14524,"","","",_binary 'a:0:{}',1153,""
14525,"","","",_binary 'a:0:{}',1153,""
14526,"","","",_binary 'a:0:{}',1153,""
14527,"","","",_binary 'a:0:{}',1153,""
14528,"","","",_binary 'a:0:{}',1153,""
14529,"","","",_binary 'a:0:{}',1153,""
14530,"","","",_binary 'a:0:{}',1153,""
14531,"","","",_binary 'a:0:{}',1153,""
14532,"","","",_binary 'a:0:{}',1153,""
14533,"","","",_binary 'a:0:{}',1153,""
14534,"","","",_binary 'a:0:{}',1153,""
14535,"","","",_binary 'a:0:{}',1153,""
14536,"","","",_binary 'a:0:{}',1153,""
14537,"","","",_binary 'a:0:{}',1153,""
14538,"","","",_binary 'a:0:{}',1153,""
14539,"","","",_binary 'a:0:{}',1153,""
14540,"","","",_binary 'a:0:{}',1153,""
14541,"","","",_binary 'a:0:{}',1153,""
14542,"","","",_binary 'a:0:{}',1153,""
14543,"","","",_binary 'a:0:{}',1153,""
14544,"","","",_binary 'a:0:{}',1153,""
14545,"","","",_binary 'a:0:{}',1153,""
14546,"","","",_binary 'a:0:{}',1153,""
14547,"","","",_binary 'a:0:{}',1153,""
14548,"","","",_binary 'a:0:{}',1153,""
14549,"","","",_binary 'a:0:{}',1153,""
14550,"","","",_binary 'a:0:{}',1153,""
14551,"","","",_binary 'a:0:{}',1153,""
14552,"","","",_binary 'a:0:{}',1153,""
14553,"","","",_binary 'a:0:{}',1153,""
14554,"","","",_binary 'a:0:{}',1153,""
14555,"","","",_binary 'a:0:{}',1153,""
14556,"","","",_binary 'a:0:{}',1153,""
14557,"","","",_binary 'a:0:{}',1153,""
14558,"","","",_binary 'a:0:{}',1153,""
14559,"","","",_binary 'a:0:{}',1153,""
14560,"","","",_binary 'a:0:{}',1153,""
14561,"","","",_binary 'a:0:{}',1153,""
14562,"","","",_binary 'a:0:{}',1153,""
14563,"","","",_binary 'a:0:{}',1153,""
14564,"","","",_binary 'a:0:{}',1153,""
14565,"","","",_binary 'a:0:{}',1153,""
14566,"","","",_binary 'a:0:{}',1153,""
14567,"","","",_binary 'a:0:{}',1153,""
14568,"","","",_binary 'a:0:{}',1153,""
14569,"","","",_binary 'a:0:{}',1153,""
14570,"","","",_binary 'a:0:{}',1153,""
14571,"","","",_binary 'a:0:{}',1153,""
14572,"","","",_binary 'a:0:{}',1153,""
14573,"","","",_binary 'a:0:{}',1153,""
14574,"","","",_binary 'a:0:{}',1153,""
14575,"","","",_binary 'a:0:{}',1153,""
14576,"","","",_binary 'a:0:{}',1153,""
14577,"","","",_binary 'a:0:{}',1153,""
14578,"","","",_binary 'a:0:{}',1153,""
14579,"","","",_binary 'a:0:{}',1153,""
14580,"","","",_binary 'a:0:{}',1153,""
14581,"","","",_binary 'a:0:{}',1153,""
14582,"","","",_binary 'a:0:{}',1153,""
14583,"","","",_binary 'a:0:{}',1153,""
14584,"","","",_binary 'a:0:{}',1153,""
14585,"","","",_binary 'a:0:{}',1153,""
14586,"","","",_binary 'a:0:{}',1153,""
14587,"","","",_binary 'a:0:{}',1153,""
14588,"","","",_binary 'a:0:{}',1153,""
14589,"","","",_binary 'a:0:{}',1153,""
14590,"","","",_binary 'a:0:{}',1153,""
14591,"","","",_binary 'a:0:{}',1153,""
14592,"","","",_binary 'a:0:{}',1153,""
14593,"","","",_binary 'a:0:{}',1153,""
14594,"","","",_binary 'a:0:{}',1153,""
14595,"","","",_binary 'a:0:{}',1153,""
14596,"","","",_binary 'a:0:{}',1153,""
14597,"","","",_binary 'a:0:{}',1153,""
14598,"","","",_binary 'a:0:{}',1153,""
14599,"","","",_binary 'a:0:{}',1153,""
14600,"","","",_binary 'a:0:{}',1153,""
14601,"","","",_binary 'a:0:{}',1153,""
14602,"","","",_binary 'a:0:{}',1153,""
36174,"","","",_binary 'a:0:{}',1312,""
36175,"","","",_binary 'a:0:{}',1312,""
36176,"","","",_binary 'a:0:{}',1312,""
36177,"","","",_binary 'a:0:{}',1312,""
36178,"","","",_binary 'a:0:{}',1312,""
36179,"","","",_binary 'a:0:{}',1312,""
36180,"","","",_binary 'a:0:{}',1312,""
36181,"","","",_binary 'a:0:{}',1312,""
36182,"","","",_binary 'a:0:{}',1312,""
36183,"","","",_binary 'a:0:{}',1312,""
36184,"","","",_binary 'a:0:{}',1312,""
36185,"","","",_binary 'a:0:{}',1312,""
36186,"","","",_binary 'a:0:{}',1312,""
36187,"","","",_binary 'a:0:{}',1312,""
36188,"","","",_binary 'a:0:{}',1312,""
36189,"","","",_binary 'a:0:{}',1312,""
36190,"","","",_binary 'a:0:{}',1312,""
36191,"","","",_binary 'a:0:{}',1312,""
36192,"","","",_binary 'a:0:{}',1312,""
36193,"","","",_binary 'a:0:{}',1312,""
36194,"","","",_binary 'a:0:{}',1312,""
36195,"","","",_binary 'a:0:{}',1312,""
36196,"","","",_binary 'a:0:{}',1312,""
36197,"","","",_binary 'a:0:{}',1312,""
36198,"","","",_binary 'a:0:{}',1312,""
36199,"","","",_binary 'a:0:{}',1312,""
36200,"","","",_binary 'a:0:{}',1312,""
36201,"","","",_binary 'a:0:{}',1312,""
36202,"","","",_binary 'a:0:{}',1312,""
36203,"","","",_binary 'a:0:{}',1312,""
36204,"","","",_binary 'a:0:{}',1312,""
36205,"","","",_binary 'a:0:{}',1312,""
36206,"","","",_binary 'a:0:{}',1312,""
36207,"","","",_binary 'a:0:{}',1312,""
36208,"","","",_binary 'a:0:{}',1312,""
36209,"","","",_binary 'a:0:{}',1312,""
36210,"","","",_binary 'a:0:{}',1312,""
36211,"","","",_binary 'a:0:{}',1312,""
36212,"","","",_binary 'a:0:{}',1312,""
36213,"","","",_binary 'a:0:{}',1312,""
36214,"","","",_binary 'a:0:{}',1312,""
36215,"","","",_binary 'a:0:{}',1312,""
36216,"","","",_binary 'a:0:{}',1312,""
36217,"","","",_binary 'a:0:{}',1312,""
36218,"","","",_binary 'a:0:{}',1312,""
36219,"","","",_binary 'a:0:{}',1312,""
36220,"","","",_binary 'a:0:{}',1312,""
36221,"","","",_binary 'a:0:{}',1312,""
36222,"","","",_binary 'a:0:{}',1312,""
36223,"","","",_binary 'a:0:{}',1312,""
36224,"","","",_binary 'a:0:{}',1312,""
36225,"","","",_binary 'a:0:{}',1312,""
36226,"","","",_binary 'a:0:{}',1312,""
36227,"","","",_binary 'a:0:{}',1312,""
36228,"","","",_binary 'a:0:{}',1312,""
36229,"","","",_binary 'a:0:{}',1312,""
36230,"","","",_binary 'a:0:{}',1312,""
36231,"","","",_binary 'a:0:{}',1312,""
36232,"","","",_binary 'a:0:{}',1312,""
36233,"","","",_binary 'a:0:{}',1312,""
36234,"","","",_binary 'a:0:{}',1312,""
36235,"","","",_binary 'a:0:{}',1312,""
36236,"","","",_binary 'a:0:{}',1312,""
36237,"","","",_binary 'a:0:{}',1312,""
36238,"","","",_binary 'a:0:{}',1312,""
36239,"","","",_binary 'a:0:{}',1312,""
36240,"","","",_binary 'a:0:{}',1312,""
36241,"","","",_binary 'a:0:{}',1312,""
36242,"","","",_binary 'a:0:{}',1312,""
36243,"","","",_binary 'a:0:{}',1312,""
36244,"","","",_binary 'a:0:{}',1312,""
36245,"","","",_binary 'a:0:{}',1312,""
36246,"","","",_binary 'a:0:{}',1312,""
36247,"","","",_binary 'a:0:{}',1312,""
36248,"","","",_binary 'a:0:{}',1312,""
36249,"","","",_binary 'a:0:{}',1312,""
36250,"","","",_binary 'a:0:{}',1312,""
36251,"","","",_binary 'a:0:{}',1312,""
36252,"","","",_binary 'a:0:{}',1312,""
36253,"","","",_binary 'a:0:{}',1312,""
36254,"","","",_binary 'a:0:{}',1312,""
36255,"","","",_binary 'a:0:{}',1312,""
36256,"","","",_binary 'a:0:{}',1312,""
36257,"","","",_binary 'a:0:{}',1312,""
36258,"","","",_binary 'a:0:{}',1312,""
36259,"","","",_binary 'a:0:{}',1312,""
36260,"","","",_binary 'a:0:{}',1312,""
36261,"","","",_binary 'a:0:{}',1312,""
59154,"","","",_binary 'a:0:{}',1419,""
59155,"","","",_binary 'a:0:{}',1419,""
59156,"","","",_binary 'a:0:{}',1419,""
59157,"","","",_binary 'a:0:{}',1419,""
59158,"","","",_binary 'a:0:{}',1419,""
59159,"","","",_binary 'a:0:{}',1419,""
59160,"","","",_binary 'a:0:{}',1419,""
59161,"","","",_binary 'a:0:{}',1419,""
59162,"","","",_binary 'a:0:{}',1419,""
59163,"","","",_binary 'a:0:{}',1419,""
59164,"","","",_binary 'a:0:{}',1419,""
59165,"","","",_binary 'a:0:{}',1419,""
59166,"","","",_binary 'a:0:{}',1419,""
59167,"","","",_binary 'a:0:{}',1419,""
59168,"","","",_binary 'a:0:{}',1419,""
59169,"","","",_binary 'a:0:{}',1419,""
59170,"","","",_binary 'a:0:{}',1419,""
59171,"","","",_binary 'a:0:{}',1419,""
59172,"","","",_binary 'a:0:{}',1419,""
59173,"","","",_binary 'a:0:{}',1419,""
59174,"","","",_binary 'a:0:{}',1419,""
59175,"","","",_binary 'a:0:{}',1419,""
59176,"","","",_binary 'a:0:{}',1419,""
59177,"","","",_binary 'a:0:{}',1419,""
59178,"","","",_binary 'a:0:{}',1419,""
59179,"","","",_binary 'a:0:{}',1419,""
59180,"","","",_binary 'a:0:{}',1419,""
59181,"","","",_binary 'a:0:{}',1419,""
59182,"","","",_binary 'a:0:{}',1419,""
59183,"","","",_binary 'a:0:{}',1419,""
59184,"","","",_binary 'a:0:{}',1419,""
59185,"","","",_binary 'a:0:{}',1419,""
59186,"","","",_binary 'a:0:{}',1419,""
59187,"","","",_binary 'a:0:{}',1419,""
59188,"","","",_binary 'a:0:{}',1419,""
59189,"","","",_binary 'a:0:{}',1419,""
59190,"","","",_binary 'a:0:{}',1419,""
59191,"","","",_binary 'a:0:{}',1419,""
59192,"","","",_binary 'a:0:{}',1419,""
59193,"","","",_binary 'a:0:{}',1419,""
59194,"","","",_binary 'a:0:{}',1419,""
59195,"","","",_binary 'a:0:{}',1419,""
59196,"","","",_binary 'a:0:{}',1419,""
59197,"","","",_binary 'a:0:{}',1419,""
59198,"","","",_binary 'a:0:{}',1419,""
59199,"","","",_binary 'a:0:{}',1419,""
59200,"","","",_binary 'a:0:{}',1419,""
59201,"","","",_binary 'a:0:{}',1419,""
59202,"","","",_binary 'a:0:{}',1419,""
59203,"","","",_binary 'a:0:{}',1419,""
59204,"","","",_binary 'a:0:{}',1419,""
59205,"","","",_binary 'a:0:{}',1419,""
59206,"","","",_binary 'a:0:{}',1419,""
59207,"","","",_binary 'a:0:{}',1419,""
59208,"","","",_binary 'a:0:{}',1419,""
59209,"","","",_binary 'a:0:{}',1419,""
59210,"","","",_binary 'a:0:{}',1419,""
59211,"","","",_binary 'a:0:{}',1419,""
59212,"","","",_binary 'a:0:{}',1419,""
59213,"","","",_binary 'a:0:{}',1419,""
59214,"","","",_binary 'a:0:{}',1419,""
59215,"","","",_binary 'a:0:{}',1419,""
59216,"","","",_binary 'a:0:{}',1419,""
59217,"","","",_binary 'a:0:{}',1419,""
59218,"","","",_binary 'a:0:{}',1419,""
59219,"","","",_binary 'a:0:{}',1419,""
59220,"","","",_binary 'a:0:{}',1419,""
59221,"","","",_binary 'a:0:{}',1419,""
59222,"","","",_binary 'a:0:{}',1419,""
59223,"","","",_binary 'a:0:{}',1419,""
59224,"","","",_binary 'a:0:{}',1419,""
59225,"","","",_binary 'a:0:{}',1419,""
59226,"","","",_binary 'a:0:{}',1419,""
59227,"","","",_binary 'a:0:{}',1419,""
59228,"","","",_binary 'a:0:{}',1419,""
59229,"","","",_binary 'a:0:{}',1419,""
59230,"","","",_binary 'a:0:{}',1419,""
59231,"","","",_binary 'a:0:{}',1419,""
59232,"","","",_binary 'a:0:{}',1419,""
59233,"","","",_binary 'a:0:{}',1419,""
59234,"","","",_binary 'a:0:{}',1419,""
59235,"","","",_binary 'a:0:{}',1419,""
59236,"","","",_binary 'a:0:{}',1419,""
59237,"","","",_binary 'a:0:{}',1419,""
59238,"","","",_binary 'a:0:{}',1419,""
59239,"","","",_binary 'a:0:{}',1419,""
59240,"","","",_binary 'a:0:{}',1419,""
59241,"","","",_binary 'a:0:{}',1419,""
59242,"","","",_binary 'a:0:{}',1419,""
59243,"","","",_binary 'a:0:{}',1419,""
59244,"","","",_binary 'a:0:{}',1419,""
59245,"","","",_binary 'a:0:{}',1419,""
59246,"","","",_binary 'a:0:{}',1419,""
59247,"","","",_binary 'a:0:{}',1419,""
59248,"","","",_binary 'a:0:{}',1419,""
59249,"","","",_binary 'a:0:{}',1419,""
59250,"","","",_binary 'a:0:{}',1419,""
59251,"","","",_binary 'a:0:{}',1419,""
59252,"","","",_binary 'a:0:{}',1419,""
59253,"","","",_binary 'a:0:{}',1419,""
59254,"","","",_binary 'a:0:{}',1419,""
59255,"","","",_binary 'a:0:{}',1419,""
59256,"","","",_binary 'a:0:{}',1419,""
59257,"","","",_binary 'a:0:{}',1419,""
59258,"","","",_binary 'a:0:{}',1419,""
59259,"","","",_binary 'a:0:{}',1419,""
59260,"","","",_binary 'a:0:{}',1419,""
59261,"","","",_binary 'a:0:{}',1419,""
59262,"","","",_binary 'a:0:{}',1419,""
59263,"","","",_binary 'a:0:{}',1419,""
59264,"","","",_binary 'a:0:{}',1419,""
59265,"","","",_binary 'a:0:{}',1419,""
59266,"","","",_binary 'a:0:{}',1419,""
